,text,score,user,time
0,哪吒:在我面前没人帅的起来,0,甜丧大叔,Fri Aug 02 13:27:01 +0800 2019
1,很棒的国漫，支持,2,奥斯卡最佳昵称,Fri Aug 02 13:26:54 +0800 2019
2,哪吒冲啊 自己的命自己扛,0,十里桃林与阿音,Fri Aug 02 13:26:58 +0800 2019
3,钱就该给有良心有实力的制作团队，拍烂片的人，就应该让他们连西北风都喝不到。,0,唯心晴,Fri Aug 02 13:29:17 +0800 2019
4,厉害了我的吒儿,-1,扣扣CHAN,Fri Aug 02 13:27:14 +0800 2019
5,小哪吒给我冲,1,想陪diamond去卢森堡,Fri Aug 02 13:27:29 +0800 2019
6,一有时间就去看，跪求不要下线太快,-1,今天超级喜欢你哇,Fri Aug 02 13:27:16 +0800 2019
7,我是小妖怪，逍遥又自在，杀人不眨眼，吃人不放盐,1,好久之人,Fri Aug 02 13:29:00 +0800 2019
8,只要中国电影用心制作，小制作也能有大回报,4,联合参谋部战略忽悠局,Fri Aug 02 13:28:08 +0800 2019
9,哪吒值得！！！冲！！,1,我什么也不想吃了,Fri Aug 02 13:27:26 +0800 2019
10,我命由我不由天！是魔是仙我说了算！！！,2,小橘子想要小骗子,Fri Aug 02 13:28:10 +0800 2019
11,我命由我不由天,0,熬夜少女的ID崩溃了,Fri Aug 02 13:28:24 +0800 2019
12,哪吒:在我面前没人帅的起来,0,喝杯奶茶又不会胖,Fri Aug 02 13:27:05 +0800 2019
13,我可以自豪的说，我曾经参加过一个15亿的项目,2,暖纪年why,Fri Aug 02 13:31:28 +0800 2019
14,国漫雄起！！！！！,0,kerwin是33,Fri Aug 02 13:27:08 +0800 2019
15,国漫之光,0,陌晨微凉_,Fri Aug 02 13:27:35 +0800 2019
16,看了，还看了三次,0,Jessica__FS,Fri Aug 02 13:29:22 +0800 2019
17,我只想说哪吒导演以及他背后的制作人真的很了不起，国漫的崛起从来都不缺乏，缺乏的只是良心制作，然后饺子导演给我们呈现的正是多年的心血。这都值得,2.0,凌榔榆,Fri Aug 02 13:34:14 +0800 2019
18,,0,末世荣耀,Fri Aug 02 14:41:51 +0800 2019
19,数据越夸张，越没有看的欲望，被《捉妖记》骗怕了,-3,跑步课本007,Fri Aug 02 13:27:05 +0800 2019
20,继续加油！！！创造传奇！！！,1,搞不懂想法的多肉姐姐,Fri Aug 02 13:27:05 +0800 2019
21,我支持哪吒不单单是情怀，是因为从制作到剧情都值得称赞！承载着中国动画人的梦想！,4,无敌工作狂,Fri Aug 02 13:28:46 +0800 2019
22,支持好电影，支持国产动画,3,蓓蓓是妈咪的最爱,Fri Aug 02 13:29:35 +0800 2019
23,吒儿分账票房还差一点！加油冲！,0,Arieslris,Fri Aug 02 13:29:50 +0800 2019
24,国漫水平越来越高了，还没去看，但是很心动,-4.0,是四环ya,Fri Aug 02 13:29:12 +0800 2019
25,准备三刷了[加油],1,居家的深白色,Fri Aug 02 15:43:06 +0800 2019
26,长期以来，影视文化都被西方主导，中国文化，中国软实力，是时候崛起了！,3,最快头条,Fri Aug 02 13:28:09 +0800 2019
27,只要你真心对待，观众也会真心喜欢,4,Florida的阳光,Fri Aug 02 13:28:49 +0800 2019
28,一直想看，老公说票房超过疯狂动物城才会陪我去，结果这么快就过了，今晚就去！,3,Sally莹雪,Fri Aug 02 13:31:34 +0800 2019
29,李靖的父爱让我哭了两次,0,善良小魔女-pitton,Fri Aug 02 13:35:43 +0800 2019
30,这也许就是吒儿的命吧！我们吒儿值得！,1,龙战骑士居居酱,Fri Aug 02 13:32:04 +0800 2019
31,支持国漫 支持哪吒,2,Virginia-Jw,Fri Aug 02 13:29:26 +0800 2019
32,自己的命自己扛#任丘伟阔事件# ,0,任丘伟阔事件,Fri Aug 02 13:27:35 +0800 2019
33,舒服了，中国的动画榜首终于可以由中国人自己的作品守护了！！自豪！而且这次是实实在在的实力票房，没有同情票！,4,盒七岁,Fri Aug 02 13:42:28 +0800 2019
34,哪吒冲鸭！国漫冲鸭！！！,0,喝杯奶茶又不会胖,Fri Aug 02 13:27:44 +0800 2019
35,长期以来，影视文化都被西方主导，中国文化，中国软实力，是时候崛起了,3,徐研玲,Fri Aug 02 13:37:23 +0800 2019
36,@电影哪吒之魔童降世 吒儿快来！爹夸你了！,2,小儿草办,Fri Aug 02 13:28:34 +0800 2019
37,说明好片还是有市场的，加油哪吒！脚踏风火轮再来15亿？,1,今天南京扩容了吗,Fri Aug 02 13:28:07 +0800 2019
38,白蛇也好看啊！！！！大家未来一定要去支持白蛇2啊！,4,Q叁什叁Q,Fri Aug 02 13:28:51 +0800 2019
39,唯一的遗憾是没能和您一起踢毽子,0,甜酱ou,Fri Aug 02 13:36:40 +0800 2019
40,哪吒，给我冲,0,甜心-865,Fri Aug 02 13:30:09 +0800 2019
41,真的很棒啦，希望在接下来的姜子牙可以做的更棒，加油,4.0,今天吃啥bot,Fri Aug 02 13:28:02 +0800 2019
42,国漫之光！支持！,1,看我丶我手指放松,Fri Aug 02 13:27:09 +0800 2019
43,不仅看了 还在极力推荐给身边所有人看！！！,0,JoTiZz,Fri Aug 02 13:27:36 +0800 2019
44,我儿子棒棒哒，今天去四刷,0,我是ZQQQQY,Fri Aug 02 13:29:22 +0800 2019
45,在大家都想做李现老婆的时候，我只想做哪吒的妈,2,汪小西-,Fri Aug 02 13:44:53 +0800 2019
46,想去看,1,WuliZi张兮兮,Fri Aug 02 13:29:52 +0800 2019
47,优秀！！！,1,生而为秀,Fri Aug 02 13:26:59 +0800 2019
48,昨晚带着儿子去看了，这部#哪吒之魔童降世#再次证明了中国动画水准，我们坚信中国会有更多高水准作品出现！,7.0,戴冠宏教练,Fri Aug 02 13:32:34 +0800 2019
49,自古红蓝出cp,0,柠檬不甜不要钱·,Fri Aug 02 13:31:12 +0800 2019
50,哪吒厉害了，支持国产动漫！,0,怀中的小喵,Fri Aug 02 13:32:18 +0800 2019
51,看了，好看！哪吒敖丙的cp我吃了,1,四海八荒第一小仙女呀,Fri Aug 02 13:31:46 +0800 2019
52,我命由我不由天！,0,眼光所向是你,Fri Aug 02 13:30:19 +0800 2019
53,已二刷,0,Prince414_立羽Cqq,Fri Aug 02 13:28:15 +0800 2019
54,,0,栀梦--,Fri Aug 02 13:32:24 +0800 2019
55,实至名归,1,无语行为阅览,Fri Aug 02 13:27:07 +0800 2019
56,国漫水平越来越高，越来越国际范了,2.0,Caption龙天,Fri Aug 02 13:28:18 +0800 2019
57,昨天看的，看到哪吒说谁都不准哭时，这时电影院里有个孩子突然说“我真的想哭啊”。全场皆笑，我却忽被感动。,-2,巴蒂乔要快乐,Fri Aug 02 14:22:13 +0800 2019
58,二刷，准备三刷中，预计四刷也快了,3,杜特,Fri Aug 02 13:31:51 +0800 2019
59,哪吒冲鸭！麻麻的骄傲！,-1,肥兔子还是阿笨猫,Fri Aug 02 13:30:33 +0800 2019
60,第一部想去电影院二刷的电影,1,日思夜想的辫儿哥哥a,Fri Aug 02 13:31:28 +0800 2019
61,这两年国产动漫不论电影，电视剧，都有着非常大的进步！设置可以比肩国际，期望中国商业电影也用心做，越来越好,9.0,盖老师Gary,Fri Aug 02 13:28:20 +0800 2019
62,哪吒值得！！！国漫崛起！！！冲鸭！！！,1,一尾葱花鱼,Fri Aug 02 13:49:20 +0800 2019
63,我是小妖怪，逍遥又自在，杀人不眨眼，吃人不放盐～哈哈哈，超喜欢双手插兜的哪吒小可爱,-2.0,瑾儿1122,Fri Aug 02 13:31:23 +0800 2019
64,我吒儿优秀！！！,1,十月颖火,Fri Aug 02 13:28:54 +0800 2019
65,冲鸭！,0,AHugoo,Fri Aug 02 13:28:51 +0800 2019
66,支持国漫！多拍一些中国远古神话故事的电影，这也是一种非物质文化吧！,1.5,嘟嘟侠嘟嘟,Fri Aug 02 13:29:21 +0800 2019
67,吒儿说要算分账还没超呢,0,豚豚_H,Fri Aug 02 13:49:40 +0800 2019
68,钱就应该给那些夜以继日到幕后工作者，而不是流量明星。,-1,Yin俊YJ,Fri Aug 02 16:17:42 +0800 2019
69,片子很不错，只求别瞎j8组cp,2.0,她在树荫里,Fri Aug 02 13:44:44 +0800 2019
70,看了，这个超级好看啊！爱死我们的小吒吒和帅丙丙了！报报你要去看啊真心好看的！,5,改名字的鹿鹿秋,Fri Aug 02 13:29:55 +0800 2019
71,我命由我不由天，当初哪吒不理解父亲，可当猪给他演绎真相时，他明白了，父亲希望他不浑浑噩噩生活，所以当天劫咒下来之前，哪吒却将符咒撕碎，并跟父亲说，父亲还没有陪他踢过毽子，这一刻，电影院的人都哭了。。。也许他是魔丸，却也是活出了比灵珠不一样的精彩，他是哪吒，他命由他不由天！！,-1.0,nobrain555,Fri Aug 02 14:13:47 +0800 2019
72,“哪吒是你什么人啊？” “他是我儿。”,2,善良小魔女-pitton,Fri Aug 02 13:38:22 +0800 2019
73,恭喜吒吒！！！！啊啊啊啊,1,取一个谐音,Fri Aug 02 13:29:33 +0800 2019
74,封神宇宙开篇之作～哈哈加油,1,WoofineNaroo,Fri Aug 02 13:28:00 +0800 2019
75,谁说中国 动漫差的啊  怼他,-2,王乐飞,Fri Aug 02 13:28:58 +0800 2019
76,冲啊,0,洛洛超甜A,Fri Aug 02 13:44:52 +0800 2019
77,平均每天2亿，后劲十足。,1,求真先生说,Fri Aug 02 13:27:44 +0800 2019
78,我们哪咤是陈塘关边上第一rapper守护全世界最好的吒吒在我面前没人能帅的起来我命由我不由天,1,bking豪哥的女友,Fri Aug 02 13:38:26 +0800 2019
79,主要是暑期空档，也没有什么好电影上映，然后这个刚好暑期。大人小孩都可以看！还不错,5.0,一个创口贴,Fri Aug 02 13:33:03 +0800 2019
80,好看的国漫，已经支持,2,阿呆就是段景林,Fri Aug 02 13:27:36 +0800 2019
81,国漫崛起 冲啊,0,考上复旦法硕再改名,Fri Aug 02 13:27:22 +0800 2019
82,两天，连刷两遍IMAX，哈哈！,1,砂珈,Fri Aug 02 16:28:07 +0800 2019
83,还不包括 买哪吒的票 结果出来其他电影票的哦,0,婧_June,Fri Aug 02 16:25:56 +0800 2019
84,是真的真的真的好好看！哪吒了不起！国漫了不起！,3,小野不是花,Fri Aug 02 14:14:34 +0800 2019
85,就我还没看吗？？？？？？？？？？,0,Double_洁洁姐姐,Fri Aug 02 13:31:37 +0800 2019
86,支持国漫很棒,2,你肥的O脸-,Fri Aug 02 13:29:09 +0800 2019
87,国漫宇宙已开启，期待下一部巨作《姜子牙》,0,开心是最甜的药,Fri Aug 02 14:41:14 +0800 2019
88,支持国漫，哪吒冲呀，顺便表白一下制作团队，真的是良心巨制,3,细嗅微光,Fri Aug 02 13:45:10 +0800 2019
89,我命由我不由天！,0,善良小魔女-pitton,Fri Aug 02 13:40:01 +0800 2019
90,单日票房破2亿，3日破7亿，5日破10亿 我去，这句话好燃！！！,0,Basnnn,Fri Aug 02 13:39:27 +0800 2019
91,支持！棒,2,旺仔小怪兽呦,Fri Aug 02 13:27:56 +0800 2019
92,国漫给我冲！！！！！！！！！！！,0,就是草莓嘛,Fri Aug 02 13:27:44 +0800 2019
93,冲鸭冲鸭吒儿妈妈永远爱你,1,迟夏写长信__,Sat Aug 03 23:02:13 +0800 2019
94,昨天去看了 是真的好看 有笑有泪有哲理有思考 “我命由我不由天，是魔是仙我自己说了才算”,4,-欢喜baby-,Sat Aug 03 08:43:46 +0800 2019
95,回本了，导演是你说的要拍下一部哟，期待一波,1,文森特秦,Fri Aug 02 18:43:57 +0800 2019
96,哪托很好看～真的！,3.0,蓮九呀,Fri Aug 02 17:07:25 +0800 2019
97,恭喜国漫再创佳绩！是时候崛起了！冲鸭！（准备二刷中）,4,重庆有家民宿,Fri Aug 02 16:47:07 +0800 2019
98,准备三刷！吒儿冲啊！！,1,chon_gzi,Fri Aug 02 16:00:07 +0800 2019
99,我吒真棒,0,想摸摸哥圆圆滴后脑勺,Fri Aug 02 15:05:42 +0800 2019
